{
  "formatVersion": 1,
  "database": {
    "version": 4,
    "identityHash": "d8f7770f9dc219d3e8d2e973feb7bb04",
    "entities": [
      {
        "tableName": "Category",
        "createSql": "CREATE TABLE IF NOT EXISTS `${TABLE_NAME}` (`categoryID` INTEGER PRIMARY KEY AUTOINCREMENT NOT NULL, `categoryName` TEXT NOT NULL, `description` TEXT NOT NULL, `userID` INTEGER NOT NULL, FOREIGN KEY(`userID`) REFERENCES `User`(`userID`) ON UPDATE NO ACTION ON DELETE CASCADE )",
        "fields": [
          {
            "fieldPath": "categoryID",
            "columnName": "categoryID",
            "affinity": "INTEGER",
            "notNull": true
          },
          {
            "fieldPath": "categoryName",
            "columnName": "categoryName",
            "affinity": "TEXT",
            "notNull": true
          },
          {
            "fieldPath": "description",
            "columnName": "description",
            "affinity": "TEXT",
            "notNull": true
          },
          {
            "fieldPath": "userID",
            "columnName": "userID",
            "affinity": "INTEGER",
            "notNull": true
          }
        ],
        "primaryKey": {
          "autoGenerate": true,
          "columnNames": [
            "categoryID"
          ]
        },
        "foreignKeys": [
          {
            "table": "User",
            "onDelete": "CASCADE",
            "onUpdate": "NO ACTION",
            "columns": [
              "userID"
            ],
            "referencedColumns": [
              "userID"
            ]
          }
        ]
      },
      {
        "tableName": "Expense",
        "createSql": "CREATE TABLE IF NOT EXISTS `${TABLE_NAME}` (`expenseID` INTEGER PRIMARY KEY AUTOINCREMENT NOT NULL, `time` TEXT, `date` TEXT, `categoryID` INTEGER NOT NULL, `description` TEXT, `amount` REAL, `photoID` TEXT, `transactionType` TEXT, `userID` INTEGER NOT NULL, FOREIGN KEY(`categoryID`) REFERENCES `Category`(`categoryID`) ON UPDATE NO ACTION ON DELETE CASCADE , FOREIGN KEY(`photoID`) REFERENCES `Photo`(`photoID`) ON UPDATE NO ACTION ON DELETE CASCADE , FOREIGN KEY(`userID`) REFERENCES `User`(`userID`) ON UPDATE NO ACTION ON DELETE CASCADE )",
        "fields": [
          {
            "fieldPath": "expenseID",
            "columnName": "expenseID",
            "affinity": "INTEGER",
            "notNull": true
          },
          {
            "fieldPath": "time",
            "columnName": "time",
            "affinity": "TEXT"
          },
          {
            "fieldPath": "date",
            "columnName": "date",
            "affinity": "TEXT"
          },
          {
            "fieldPath": "categoryID",
            "columnName": "categoryID",
            "affinity": "INTEGER",
            "notNull": true
          },
          {
            "fieldPath": "description",
            "columnName": "description",
            "affinity": "TEXT"
          },
          {
            "fieldPath": "amount",
            "columnName": "amount",
            "affinity": "REAL"
          },
          {
            "fieldPath": "photoID",
            "columnName": "photoID",
            "affinity": "TEXT"
          },
          {
            "fieldPath": "transactionType",
            "columnName": "transactionType",
            "affinity": "TEXT"
          },
          {
            "fieldPath": "userID",
            "columnName": "userID",
            "affinity": "INTEGER",
            "notNull": true
          }
        ],
        "primaryKey": {
          "autoGenerate": true,
          "columnNames": [
            "expenseID"
          ]
        },
        "foreignKeys": [
          {
            "table": "Category",
            "onDelete": "CASCADE",
            "onUpdate": "NO ACTION",
            "columns": [
              "categoryID"
            ],
            "referencedColumns": [
              "categoryID"
            ]
          },
          {
            "table": "Photo",
            "onDelete": "CASCADE",
            "onUpdate": "NO ACTION",
            "columns": [
              "photoID"
            ],
            "referencedColumns": [
              "photoID"
            ]
          },
          {
            "table": "User",
            "onDelete": "CASCADE",
            "onUpdate": "NO ACTION",
            "columns": [
              "userID"
            ],
            "referencedColumns": [
              "userID"
            ]
          }
        ]
      },
      {
        "tableName": "Goal",
        "createSql": "CREATE TABLE IF NOT EXISTS `${TABLE_NAME}` (`goal_ID` INTEGER PRIMARY KEY AUTOINCREMENT NOT NULL, `userID` TEXT, `month` TEXT, `minimum` TEXT, `maximum` TEXT, FOREIGN KEY(`userID`) REFERENCES `User`(`userID`) ON UPDATE NO ACTION ON DELETE CASCADE )",
        "fields": [
          {
            "fieldPath": "goal_ID",
            "columnName": "goal_ID",
            "affinity": "INTEGER",
            "notNull": true
          },
          {
            "fieldPath": "userID",
            "columnName": "userID",
            "affinity": "TEXT"
          },
          {
            "fieldPath": "month",
            "columnName": "month",
            "affinity": "TEXT"
          },
          {
            "fieldPath": "minimum",
            "columnName": "minimum",
            "affinity": "TEXT"
          },
          {
            "fieldPath": "maximum",
            "columnName": "maximum",
            "affinity": "TEXT"
          }
        ],
        "primaryKey": {
          "autoGenerate": true,
          "columnNames": [
            "goal_ID"
          ]
        },
        "foreignKeys": [
          {
            "table": "User",
            "onDelete": "CASCADE",
            "onUpdate": "NO ACTION",
            "columns": [
              "userID"
            ],
            "referencedColumns": [
              "userID"
            ]
          }
        ]
      },
      {
        "tableName": "Photo",
        "createSql": "CREATE TABLE IF NOT EXISTS `${TABLE_NAME}` (`photoID` INTEGER PRIMARY KEY AUTOINCREMENT NOT NULL, `filename` TEXT, `fileUri` TEXT)",
        "fields": [
          {
            "fieldPath": "photoID",
            "columnName": "photoID",
            "affinity": "INTEGER",
            "notNull": true
          },
          {
            "fieldPath": "filename",
            "columnName": "filename",
            "affinity": "TEXT"
          },
          {
            "fieldPath": "fileUri",
            "columnName": "fileUri",
            "affinity": "TEXT"
          }
        ],
        "primaryKey": {
          "autoGenerate": true,
          "columnNames": [
            "photoID"
          ]
        }
      },
      {
        "tableName": "User",
        "createSql": "CREATE TABLE IF NOT EXISTS `${TABLE_NAME}` (`userID` INTEGER PRIMARY KEY AUTOINCREMENT NOT NULL, `email` TEXT, `password` TEXT, `name` TEXT, `surname` TEXT)",
        "fields": [
          {
            "fieldPath": "userID",
            "columnName": "userID",
            "affinity": "INTEGER",
            "notNull": true
          },
          {
            "fieldPath": "email",
            "columnName": "email",
            "affinity": "TEXT"
          },
          {
            "fieldPath": "password",
            "columnName": "password",
            "affinity": "TEXT"
          },
          {
            "fieldPath": "name",
            "columnName": "name",
            "affinity": "TEXT"
          },
          {
            "fieldPath": "surname",
            "columnName": "surname",
            "affinity": "TEXT"
          }
        ],
        "primaryKey": {
          "autoGenerate": true,
          "columnNames": [
            "userID"
          ]
        }
      }
    ],
    "setupQueries": [
      "CREATE TABLE IF NOT EXISTS room_master_table (id INTEGER PRIMARY KEY,identity_hash TEXT)",
      "INSERT OR REPLACE INTO room_master_table (id,identity_hash) VALUES(42, 'd8f7770f9dc219d3e8d2e973feb7bb04')"
    ]
  }
}