{
  "project_info": {
    "project_number": "1034694667199",
    "project_id": "prog7313-5d3d4",
    "storage_bucket": "prog7313-5d3d4.firebasestorage.app"
  },
  "client": [
    {
      "client_info": {
        "mobilesdk_app_id": "1:1034694667199:android:33a12419eb9a07f63c0f0a",
        "android_client_info": {
          "package_name": "com.example.prog7313_poe"
        }
      },
      "oauth_client": [],
      "api_key": [
        {
          "current_key": "AIzaSyBLdhb_IuXLHTf259FqqomKQN_zflOaLZM"
        }
      ],
      "services": {
        "appinvite_service": {
          "other_platform_oauth_client": []
        }
      }
    }
  ],
  "configuration_version": "1"
}